{"cameraMode":{"drawMode":0,"name":"Shaded","section":"Shading Mode"},"sceneLighting":true,"audioPlay":false,"sceneViewState":{"m_AlwaysRefresh":false,"showFog":true,"showSkybox":true,"showFlares":true,"showImageEffects":true,"showParticleSystems":true,"showVisualEffectGraphs":true,"m_FxEnabled":true},"in2DMode":false,"pivot":{"x":-0.4352416694164276,"y":0.9577766060829163,"z":-8.306137084960938},"rotation":{"x":-0.041538920253515246,"y":0.3982902467250824,"z":-0.018058039247989656,"w":-0.9161421060562134},"size":0.2497645616531372,"orthographic":false}